{
  "test": {
    "threshold": 0.2973051369190216,
    "accuracy": 0.6115,
    "precision": 0.47987117552334946,
    "recall": 0.8198074277854195,
    "f1": 0.6053834433722702,
    "roc_auc": 0.7281902944554719,
    "pr_ap": 0.5985609583078896
  }
}