{
  "test": {
    "threshold": 0.4542145802555046,
    "accuracy": 0.5965,
    "precision": 0.4691358024691358,
    "recall": 0.8363136176066025,
    "f1": 0.6010874938210579,
    "roc_auc": 0.7316242216125627,
    "pr_ap": 0.6070775975655975
  }
}