{
  "test": {
    "threshold": 0.4542145802555046,
    "accuracy": 0.633,
    "precision": 0.4969217238346526,
    "recall": 0.7771664374140302,
    "f1": 0.6062231759656652,
    "roc_auc": 0.7362424106211864,
    "pr_ap": 0.598944631197363
  }
}