{
  "test": {
    "threshold": 0.5,
    "accuracy": 0.671,
    "precision": 0.5647279549718575,
    "recall": 0.4140302613480055,
    "f1": 0.4777777777777778,
    "roc_auc": 0.7171364634872405,
    "pr_ap": 0.5795734845981734
  }
}