{
  "valid_threshold": {
    "accuracy": 0.634,
    "precision": 0.49748743718592964,
    "recall": 0.8181818181818182,
    "f1": 0.61875,
    "pr_ap": 0.5702657588977149,
    "roc_auc": 0.26518935609844696
  }
}