{
  "valid_threshold": {
    "accuracy": 0.647,
    "precision": 0.5088967971530249,
    "recall": 0.7878787878787878,
    "f1": 0.6183783783783784,
    "pr_ap": 0.5983031644121,
    "roc_auc": 0.257733608382959
  }
}