{
  "test": {
    "threshold": 0.5,
    "accuracy": 0.6825,
    "precision": 0.5824372759856631,
    "recall": 0.4470426409903714,
    "f1": 0.5058365758754864,
    "roc_auc": 0.7281902944554719,
    "pr_ap": 0.5985609583078896
  }
}