{
  "test": {
    "accuracy": 0.659,
    "precision": 0.5225225225225225,
    "recall": 0.7180192572214581,
    "f1": 0.6048667439165701,
    "roc_auc": 0.7362424106211864
  }
}