{
  "valid": {
    "accuracy": 0.666,
    "precision": 0.5294117647058824,
    "recall": 0.71900826446281,
    "f1": 0.6098130841121495
  },
  "params": {
    "C": 0.01,
    "max_iter": 1000,
    "seed": 42
  }
}