{
  "valid_threshold": {
    "accuracy": 0.652,
    "precision": 0.5133689839572193,
    "recall": 0.7933884297520661,
    "f1": 0.6233766233766234,
    "pr_ap": 0.6001393406916635,
    "roc_auc": 0.2581617516682452
  }
}