{
  "valid": {
    "accuracy": 0.665,
    "precision": 0.5276679841897233,
    "recall": 0.7355371900826446,
    "f1": 0.6144994246260069
  },
  "grid": {
    "n_estimators": [
      100,
      200,
      300
    ],
    "max_depth": [
      null,
      5,
      10,
      20
    ],
    "min_samples_split": [
      2,
      5
    ]
  }
}