{
  "valid": {
    "accuracy": 0.665,
    "precision": 0.5276679841897233,
    "recall": 0.7355371900826446,
    "f1": 0.6144994246260069
  },
  "params": {
    "n_estimators": 300,
    "max_depth": 5,
    "min_samples_split": 5,
    "seed": 42
  }
}