{
  "test": {
    "threshold": 0.5,
    "accuracy": 0.647,
    "precision": 0.510164569215876,
    "recall": 0.7248968363136176,
    "f1": 0.5988636363636364,
    "roc_auc": 0.7316242216125627,
    "pr_ap": 0.6070775975655975
  }
}