{
  "valid": {
    "accuracy": 0.666,
    "precision": 0.5294117647058824,
    "recall": 0.71900826446281,
    "f1": 0.6098130841121495
  },
  "grid": {
    "C": [
      0.01,
      0.1,
      1.0,
      3.0,
      10.0
    ],
    "cv": 5,
    "scoring": "f1"
  }
}