{
  "test": {
    "threshold": 0.5,
    "accuracy": 0.6585,
    "precision": 0.5221774193548387,
    "recall": 0.7125171939477304,
    "f1": 0.6026759744037231,
    "roc_auc": 0.7367091999641263,
    "pr_ap": 0.5976035787915854
  }
}