{
  "valid": {
    "accuracy": 0.66,
    "precision": 0.5233265720081136,
    "recall": 0.7107438016528925,
    "f1": 0.602803738317757
  },
  "params": {
    "C": 1.0,
    "max_iter": 1000,
    "seed": 42
  }
}